Country Name,0
Pakistan,58776.45166774194
Sri Lanka,6074.677461129031
India,643269.8385999999
Afghanistan,1539.6774275
Vietnam,53026.29023838709
